{
  "arch": "heatmap",
  "seed": 0,
  "epochs": 80,
  "params_M": 1.460721,
  "test_rms_mm": 25.26847267150879,
  "test_rms_x": 4.803897857666016,
  "test_rms_y": 7.042053699493408,
  "test_rms_z": 23.787132263183594,
  "wall_s": 583.2883446216583,
  "fit_slope": [
    569.6802978515625,
    429.1275939941406,
    438.5679626464844
  ],
  "fit_offset": [
    61.54587936401367,
    64.42738342285156,
    41.951454162597656
  ],
  "fit_perm": [
    1,
    0,
    2
  ]
}