{
  "arch": "heatmap_offset",
  "seed": 0,
  "epochs": 100,
  "params_M": 1.460772,
  "test_rms_mm": 66.02030944824219,
  "test_rms_x": 12.800167083740234,
  "test_rms_y": 12.311055183410645,
  "test_rms_z": 63.58675003051758,
  "wall_s": 745.0440635681152,
  "fit_slope": [
    569.6802978515625,
    429.1275939941406,
    438.5679626464844
  ],
  "fit_offset": [
    61.54587936401367,
    64.42738342285156,
    41.951454162597656
  ],
  "fit_perm": [
    1,
    0,
    2
  ]
}